years_experience,education_level,department,salary
14,Masters,Marketing,97156.0
0,Masters,Engineering,65015.0
9,PhD,Marketing,92200.0
17,Bachelors,Operations,93890.0
18,Masters,Marketing,101083.0
6,Bachelors,Operations,64907.0
20,Bachelors,Sales,109667.0
24,Bachelors,Engineering,126717.0
12,Bachelors,Marketing,70716.0
9,Bachelors,Engineering,67082.0
13,Masters,Engineering,109873.0
0,Masters,Engineering,67668.0
13,Bachelors,Operations,71929.0
0,Bachelors,Operations,47041.0
0,Bachelors,Sales,39831.0
13,PhD,Marketing,101855.0
12,PhD,Sales,106749.0
24,Bachelors,Engineering,115518.0
12,Bachelors,Operations,72943.0
24,Bachelors,Operations,113735.0
20,Masters,Sales,114267.0
8,Bachelors,Sales,74885.0
23,Bachelors,Operations,111202.0
12,Bachelors,Sales,78646.0
14,Bachelors,Sales,70180.0
2,Bachelors,Sales,43965.0
5,Bachelors,Sales,63580.0
13,Masters,Marketing,82098.0
6,Bachelors,Engineering,69840.0
14,Bachelors,Sales,86231.0
1,Masters,Sales,68617.0
6,Bachelors,Sales,58350.0
16,Masters,Sales,97939.0
15,PhD,Sales,111685.0
24,Bachelors,Sales,114305.0
22,Masters,Operations,112675.0
20,Masters,Marketing,117296.0
0,Masters,Marketing,50205.0
15,Bachelors,Sales,87721.0
5,Bachelors,Operations,56671.0
6,Bachelors,Engineering,69399.0
5,PhD,Marketing,87038.0
11,Masters,Engineering,98694.0
3,Bachelors,Operations,53133.0
13,Bachelors,Sales,82565.0
4,Bachelors,Sales,58458.0
12,Bachelors,Engineering,84806.0
15,Masters,Operations,90215.0
4,Bachelors,Sales,63546.0
2,Masters,Sales,66413.0
20,Masters,Operations,101862.0
18,Masters,Engineering,118485.0
6,Masters,Sales,59557.0
22,Bachelors,Engineering,113156.0
5,Masters,Engineering,86766.0
23,Masters,Engineering,130649.0
2,Bachelors,Engineering,61307.0
16,Bachelors,Operations,66702.0
0,Bachelors,Sales,42646.0
4,Bachelors,Operations,53230.0
10,Bachelors,Sales,75792.0
2,Bachelors,Operations,51374.0
11,Masters,Engineering,96538.0
5,Bachelors,Engineering,68006.0
2,Bachelors,Engineering,52607.0
24,Bachelors,Operations,105973.0
24,Bachelors,Marketing,102631.0
24,PhD,Marketing,124113.0
3,Bachelors,Operations,41889.0
9,Bachelors,Sales,79252.0
8,Bachelors,Marketing,63777.0
8,Bachelors,Marketing,66719.0
10,Masters,Marketing,79919.0
12,Masters,Marketing,77857.0
12,Bachelors,Sales,84217.0
7,Masters,Engineering,73567.0
24,Bachelors,Engineering,118871.0
24,Masters,Marketing,121872.0
8,Masters,Marketing,78783.0
5,Bachelors,Marketing,52641.0
13,Masters,Marketing,80372.0
9,Masters,Engineering,87393.0
24,Bachelors,Sales,107707.0
10,PhD,Sales,93361.0
0,Masters,Operations,57820.0
3,Bachelors,Marketing,44118.0
1,Masters,Marketing,59606.0
9,Masters,Marketing,81150.0
7,Bachelors,Sales,70363.0
21,Bachelors,Operations,98001.0
22,Masters,Marketing,121347.0
3,Masters,Operations,59367.0
23,Bachelors,Marketing,110006.0
14,Bachelors,Marketing,73182.0
7,Bachelors,Engineering,58770.0
10,PhD,Marketing,98265.0
11,Masters,Engineering,100387.0
4,Bachelors,Marketing,57053.0
21,Masters,Marketing,110650.0
0,Masters,Marketing,63938.0
1,Bachelors,Sales,45041.0
6,Bachelors,Engineering,74325.0
3,Masters,Marketing,66968.0
1,Bachelors,Marketing,56112.0
9,Bachelors,Sales,68298.0
9,Masters,Marketing,76281.0
3,PhD,Operations,64411.0
20,Bachelors,Marketing,108314.0
22,Masters,Engineering,131128.0
17,PhD,Operations,115318.0
13,Bachelors,Sales,100100.0
23,Bachelors,Marketing,109350.0
8,Masters,Operations,66586.0
10,Masters,Sales,83825.0
0,Bachelors,Marketing,37151.0
17,Masters,Engineering,112225.0
2,Masters,Operations,55184.0
16,Masters,Engineering,108278.0
19,Masters,Marketing,99840.0
5,Bachelors,Sales,68555.0
15,Bachelors,Engineering,98793.0
7,Bachelors,Sales,63247.0
9,PhD,Operations,94746.0
13,PhD,Engineering,119226.0
6,Masters,Sales,75454.0
19,Bachelors,Engineering,112310.0
9,Masters,Engineering,93004.0
11,Bachelors,Engineering,89821.0
20,Bachelors,Marketing,103519.0
5,Bachelors,Operations,54976.0
11,Masters,Marketing,84478.0
24,Bachelors,Operations,116382.0
9,Masters,Marketing,77333.0
2,PhD,Sales,77948.0
7,Masters,Operations,74083.0
23,Bachelors,Engineering,115743.0
18,PhD,Marketing,113553.0
20,Masters,Engineering,120877.0
6,Bachelors,Operations,53847.0
20,Masters,Engineering,114251.0
9,Masters,Engineering,88291.0
19,Bachelors,Sales,99797.0
22,Bachelors,Marketing,112196.0
5,Bachelors,Engineering,72326.0
23,Bachelors,Sales,93803.0
15,Masters,Sales,102848.0
18,Bachelors,Marketing,90051.0
18,Bachelors,Operations,93118.0
4,Bachelors,Marketing,54115.0
18,Bachelors,Marketing,92244.0
5,Bachelors,Sales,58387.0
6,Masters,Operations,68665.0
2,Bachelors,Engineering,68666.0
4,Bachelors,Engineering,66082.0
24,Masters,Engineering,140713.0
8,PhD,Sales,98039.0
9,Bachelors,Sales,74202.0
11,Bachelors,Operations,60080.0
17,Bachelors,Marketing,97300.0
14,Bachelors,Sales,81453.0
13,Bachelors,Engineering,95694.0
20,PhD,Marketing,118165.0
12,Masters,Sales,83490.0
19,Bachelors,Operations,105058.0
22,PhD,Sales,125858.0
16,Bachelors,Marketing,94677.0
0,Bachelors,Operations,40711.0
6,Bachelors,Sales,59279.0
15,Bachelors,Sales,86731.0
11,Masters,Marketing,77993.0
7,Bachelors,Sales,64517.0
8,Masters,Engineering,82904.0
1,Bachelors,Sales,45427.0
5,PhD,Engineering,99552.0
19,Masters,Marketing,109725.0
0,Bachelors,Engineering,46107.0
20,Bachelors,Sales,106109.0
8,PhD,Operations,87357.0
20,Bachelors,Marketing,95747.0
6,Bachelors,Marketing,64280.0
20,Masters,Marketing,109997.0
14,Bachelors,Sales,77206.0
21,Bachelors,Marketing,112887.0
1,Bachelors,Engineering,57696.0
19,Bachelors,Marketing,95712.0
6,Bachelors,Marketing,57369.0
8,Bachelors,Operations,69480.0
1,Bachelors,Operations,39651.0
23,Bachelors,Engineering,110130.0
16,Bachelors,Sales,85728.0
24,PhD,Marketing,143161.0
14,Masters,Sales,101193.0
3,Bachelors,Marketing,49870.0
8,Bachelors,Operations,70640.0
10,Masters,Sales,89488.0
3,Bachelors,Operations,46800.0
23,Bachelors,Operations,103405.0
23,Masters,Operations,118376.0
14,Bachelors,Engineering,89209.0
14,Masters,Sales,96227.0
17,Masters,Engineering,116451.0
16,Masters,Engineering,101678.0
1,Bachelors,Engineering,56664.0
13,Bachelors,Sales,79582.0
19,Bachelors,Engineering,114368.0
20,Masters,Sales,101933.0
14,PhD,Operations,101911.0
22,PhD,Operations,123709.0
14,Bachelors,Operations,84960.0
9,Masters,Engineering,91939.0
11,Bachelors,Marketing,84577.0
17,Masters,Marketing,106573.0
22,Bachelors,Engineering,114139.0
5,Bachelors,Operations,55438.0
7,Bachelors,Sales,62476.0
16,PhD,Operations,114956.0
19,Bachelors,Engineering,100207.0
9,Bachelors,Marketing,63258.0
16,Bachelors,Engineering,102534.0
0,Bachelors,Operations,47355.0
7,PhD,Marketing,74388.0
23,Bachelors,Engineering,127647.0
14,Bachelors,Engineering,93359.0
21,Masters,Sales,104497.0
5,Bachelors,Engineering,50990.0
7,Bachelors,Engineering,65424.0
24,Bachelors,Operations,107082.0
24,Bachelors,Operations,106805.0
21,Bachelors,Marketing,105599.0
7,Bachelors,Operations,56303.0
20,Bachelors,Marketing,92352.0
11,Masters,Engineering,95321.0
21,Masters,Marketing,114002.0
21,Masters,Engineering,127185.0
10,Bachelors,Operations,63265.0
7,Bachelors,Sales,70009.0
24,PhD,Engineering,143472.0
11,Masters,Sales,82582.0
10,Bachelors,Marketing,67746.0
16,Bachelors,Operations,91249.0
23,Bachelors,Marketing,106603.0
3,Bachelors,Engineering,59233.0
24,Bachelors,Operations,112757.0
10,Bachelors,Operations,80856.0
0,PhD,Sales,71258.0
7,Masters,Marketing,82003.0
11,Masters,Operations,89016.0
16,Bachelors,Sales,86166.0
14,Masters,Engineering,106360.0
3,Masters,Engineering,67705.0
12,Bachelors,Marketing,75370.0
5,Masters,Operations,62243.0
6,Masters,Marketing,69383.0
17,Masters,Marketing,98101.0
20,Bachelors,Sales,99277.0
3,Masters,Sales,68593.0
15,Bachelors,Engineering,96283.0
10,Bachelors,Sales,61814.0
8,Bachelors,Marketing,60923.0
17,Bachelors,Operations,78484.0
6,Bachelors,Operations,58264.0
19,Bachelors,Operations,96220.0
10,Masters,Engineering,96539.0
2,Bachelors,Operations,40876.0
19,PhD,Engineering,134681.0
21,Bachelors,Marketing,98979.0
14,Masters,Operations,84371.0
18,PhD,Operations,119852.0
3,Masters,Marketing,68308.0
8,Masters,Sales,85093.0
8,Masters,Marketing,73750.0
19,Bachelors,Marketing,103276.0
8,Bachelors,Marketing,62439.0
18,Bachelors,Sales,99321.0
7,Bachelors,Sales,61535.0
15,Bachelors,Marketing,83656.0
5,Bachelors,Engineering,54473.0
13,PhD,Operations,99589.0
2,Masters,Engineering,73147.0
18,Masters,Operations,99940.0
0,Masters,Engineering,77537.0
24,Bachelors,Marketing,103225.0
20,Bachelors,Sales,97619.0
14,Masters,Marketing,88771.0
22,Masters,Sales,115217.0
20,Bachelors,Operations,102188.0
3,Bachelors,Engineering,72268.0
18,Bachelors,Operations,86195.0
9,Bachelors,Marketing,63862.0
21,Bachelors,Operations,91857.0
21,Bachelors,Engineering,121638.0
23,Masters,Engineering,138126.0
11,PhD,Sales,100164.0
4,Bachelors,Sales,47823.0
3,Masters,Operations,52560.0
4,Masters,Operations,64224.0
24,Bachelors,Sales,115496.0
14,Masters,Operations,78803.0
8,Bachelors,Engineering,75472.0
11,Masters,Marketing,95510.0
