area_sqft,bedrooms,bathrooms,age_years,location,price
1952.0,3,3.0,5,Suburb,282624.0
1280.0,1,3.0,52,Rural,121760.0
2175.0,5,2.0,24,Downtown,413995.0
2270.0,4,2.0,32,Suburb,325738.0
824.0,5,1.0,9,Rural,124394.0
1149.0,1,1.0,37,Rural,59796.0
1864.0,1,1.0,10,Waterfront,369111.0
1642.0,5,1.0,16,Suburb,234156.0
1792.0,2,2.0,43,Suburb,199510.0
1373.0,4,3.0,3,Suburb,215030.0
2240.0,5,3.0,26,Waterfront,524914.0
2189.0,1,2.0,35,Suburb,252369.0
1833.0,1,3.0,7,Rural,187417.0
2364.0,1,3.0,17,Suburb,289097.0
2034.0,1,3.0,20,Suburb,251972.0
1370.0,1,,39,Rural,148793.0
1984.0,5,1.0,58,Suburb,252787.0
1321.0,4,3.0,50,Waterfront,308480.0
2239.0,5,1.0,11,Suburb,282239.0
1775.0,5,2.0,1,Suburb,292539.0
1708.0,5,1.0,3,Suburb,258748.0
1460.0,2,3.0,35,Suburb,192407.0
2411.0,2,2.0,9,Suburb,322386.0
1723.0,5,1.0,13,Downtown,313016.0
1586.0,2,1.0,50,Downtown,277343.0
1624.0,1,2.0,52,Suburb,189212.0
2066.0,4,2.0,50,Suburb,268878.0
1983.0,5,3.0,15,Suburb,282552.0
2006.0,5,1.0,37,Downtown,358442.0
2015.0,5,3.0,36,Suburb,295869.0
2871.0,1,2.0,11,Downtown,489972.0
1597.0,4,3.0,33,Rural,181088.0
1544.0,5,1.0,31,Rural,164017.0
1393.0,4,1.0,23,Downtown,272262.0
2108.0,5,1.0,45,Suburb,274676.0
2364.0,5,2.0,40,Downtown,465093.0
1743.0,3,3.0,31,Downtown,298811.0
1380.0,1,1.0,43,Downtown,238141.0
1388.0,3,2.0,45,Downtown,269636.0
2125.0,2,1.0,34,Suburb,250653.0
2172.0,1,3.0,16,Waterfront,481752.0
2072.0,1,3.0,45,Downtown,361328.0
1467.0,4,3.0,43,Suburb,223437.0
1916.0,3,3.0,59,Rural,186668.0
1858.0,3,2.0,8,Waterfront,406023.0
1909.0,4,3.0,25,Suburb,265980.0
2236.0,3,1.0,55,Downtown,378844.0
1912.0,4,3.0,30,Suburb,288434.0
2139.0,1,3.0,56,Suburb,263055.0
1834.0,5,3.0,0,Waterfront,431216.0
1945.0,3,2.0,2,Suburb,280914.0
2116.0,1,3.0,47,Suburb,274895.0
1071.0,5,2.0,21,Downtown,242250.0
1640.0,4,1.0,31,Suburb,233602.0
1565.0,1,3.0,25,Rural,148769.0
1481.0,1,1.0,24,Suburb,168132.0
1662.0,1,1.0,56,Suburb,178069.0
2547.0,2,2.0,5,Waterfront,506182.0
1367.0,1,1.0,46,Rural,123292.0
2284.0,4,3.0,53,Suburb,301645.0
959.0,3,2.0,39,Suburb,128828.0
1633.0,5,1.0,23,Suburb,188373.0
1881.0,4,3.0,9,Suburb,253455.0
2093.0,4,2.0,40,Suburb,295986.0
2156.0,3,1.0,28,Downtown,364620.0
2197.0,1,3.0,8,Waterfront,463650.0
1626.0,1,2.0,21,Waterfront,309822.0
1569.0,4,1.0,57,Rural,174175.0
2229.0,1,3.0,15,Waterfront,457805.0
1704.0,1,2.0,10,Rural,169742.0
1162.0,2,3.0,40,Rural,152981.0
1233.0,5,3.0,11,Rural,173949.0
1340.0,3,,55,Suburb,170234.0
2049.0,4,3.0,51,Suburb,266531.0
1871.0,3,1.0,59,Downtown,306893.0
2145.0,1,1.0,54,Suburb,257478.0
1586.0,2,2.0,14,Downtown,285654.0
1879.0,1,3.0,12,Downtown,327133.0
2113.0,4,2.0,20,Suburb,311543.0
1645.0,1,2.0,28,Suburb,204526.0
2028.0,2,,52,Downtown,380913.0
1469.0,5,3.0,44,Rural,163874.0
1618.0,3,3.0,38,Rural,192542.0
1609.0,3,1.0,52,Downtown,278459.0
1202.0,3,3.0,38,Downtown,245361.0
2043.0,4,2.0,22,Suburb,269549.0
1565.0,2,2.0,24,Rural,141871.0
1806.0,4,2.0,31,Rural,193158.0
2040.0,5,1.0,5,Downtown,404769.0
2023.0,3,,44,Rural,191998.0
2133.0,3,2.0,39,Downtown,353740.0
1751.0,1,3.0,43,Suburb,198487.0
1588.0,2,3.0,32,Waterfront,317476.0
1760.0,5,1.0,46,Downtown,295888.0
956.0,3,3.0,56,Downtown,183028.0
1076.0,2,1.0,34,Suburb,154449.0
1139.0,3,3.0,26,Suburb,168037.0
1301.0,3,2.0,6,Waterfront,269718.0
2000.0,3,2.0,46,Waterfront,409277.0
1347.0,4,3.0,54,Downtown,254154.0
1611.0,2,2.0,41,Downtown,308069.0
2450.0,4,3.0,51,Rural,220808.0
1622.0,3,2.0,51,Downtown,277942.0
2169.0,5,3.0,47,Rural,250176.0
1333.0,1,2.0,30,Suburb,174733.0
1697.0,1,1.0,5,Downtown,299609.0
1325.0,3,3.0,0,Rural,152468.0
1630.0,3,,12,Downtown,311207.0
2220.0,4,2.0,25,Suburb,312083.0
936.0,3,1.0,44,Suburb,112618.0
2017.0,5,1.0,27,Suburb,290436.0
1919.0,3,2.0,1,Suburb,245269.0
1503.0,1,1.0,12,Suburb,194477.0
1077.0,1,3.0,58,Waterfront,213940.0
1836.0,5,3.0,59,Waterfront,398320.0
1535.0,1,3.0,22,Suburb,201090.0
1916.0,5,3.0,48,Downtown,353489.0
1811.0,2,2.0,43,Rural,155008.0
2601.0,1,1.0,55,Waterfront,481267.0
1680.0,2,2.0,53,Suburb,191879.0
1288.0,4,2.0,37,Suburb,188632.0
1890.0,3,3.0,23,Suburb,242305.0
1910.0,4,1.0,37,Downtown,351419.0
2480.0,4,2.0,19,Suburb,316229.0
2218.0,3,2.0,20,Suburb,285612.0
1978.0,4,1.0,36,Rural,186390.0
2532.0,5,1.0,34,Rural,272026.0
1206.0,3,,34,Rural,130260.0
1480.0,1,1.0,23,Suburb,179239.0
1337.0,3,1.0,24,Suburb,188286.0
1605.0,5,,0,Rural,151851.0
1112.0,2,1.0,36,Rural,105102.0
2118.0,5,2.0,34,Suburb,322472.0
1689.0,3,1.0,56,Rural,159685.0
1065.0,4,1.0,30,Downtown,208583.0
1292.0,2,2.0,28,Rural,137121.0
1957.0,5,3.0,4,Downtown,406569.0
2219.0,1,2.0,11,Downtown,350586.0
2798.0,2,3.0,20,Suburb,336569.0
3257.0,3,2.0,22,Downtown,567497.0
2007.0,3,2.0,21,Downtown,351704.0
1305.0,3,2.0,23,Downtown,267308.0
734.0,1,3.0,46,Suburb,90950.0
1934.0,2,3.0,7,Rural,168429.0
1394.0,1,3.0,19,Downtown,231572.0
1592.0,3,3.0,9,Suburb,188233.0
1494.0,2,2.0,18,Rural,146544.0
1730.0,3,2.0,41,Downtown,303830.0
2333.0,3,3.0,2,Downtown,427197.0
1879.0,4,1.0,20,Rural,207750.0
1721.0,3,2.0,1,Rural,199539.0
1282.0,4,3.0,57,Suburb,178505.0
963.0,3,2.0,43,Rural,68719.0
1557.0,4,1.0,14,Downtown,305208.0
1773.0,4,2.0,11,Suburb,260703.0
2684.0,2,1.0,5,Rural,261198.0
1865.0,2,3.0,28,Downtown,347654.0
2291.0,4,3.0,45,Rural,212751.0
1550.0,2,1.0,35,Suburb,224174.0
1208.0,3,2.0,52,Rural,105686.0
1317.0,1,3.0,20,Suburb,187331.0
1437.0,3,3.0,16,Suburb,182776.0
2864.0,3,1.0,28,Downtown,475432.0
1389.0,4,2.0,12,Downtown,300733.0
2219.0,3,2.0,58,Rural,205419.0
1349.0,2,2.0,11,Downtown,262922.0
2266.0,5,1.0,28,Downtown,417592.0
1992.0,3,1.0,31,Downtown,344967.0
1722.0,5,3.0,3,Downtown,376050.0
1780.0,4,1.0,28,Rural,176716.0
1473.0,3,1.0,27,Suburb,169202.0
2023.0,5,1.0,15,Waterfront,440374.0
1573.0,1,1.0,7,Downtown,278134.0
1187.0,5,1.0,2,Suburb,193596.0
1161.0,5,2.0,0,Suburb,167818.0
1886.0,3,3.0,28,Suburb,246290.0
2590.0,4,1.0,5,Rural,251333.0
1880.0,3,1.0,57,Waterfront,366997.0
1741.0,2,1.0,14,Rural,148323.0
1943.0,4,2.0,39,Downtown,343666.0
2453.0,2,1.0,40,Downtown,394557.0
1910.0,2,3.0,29,Suburb,263136.0
1595.0,3,2.0,53,Downtown,290432.0
2353.0,5,3.0,6,Rural,251296.0
2014.0,2,2.0,14,Suburb,258245.0
2568.0,3,2.0,15,Suburb,340244.0
1892.0,1,3.0,8,Rural,175097.0
1188.0,1,2.0,17,Rural,99596.0
1116.0,1,3.0,18,Downtown,192056.0
2625.0,1,3.0,45,Downtown,426603.0
2662.0,5,2.0,18,Suburb,346768.0
1710.0,5,3.0,52,Suburb,244860.0
1608.0,5,1.0,46,Downtown,308768.0
2531.0,1,3.0,54,Suburb,284280.0
1246.0,1,3.0,6,Rural,130260.0
1353.0,2,3.0,59,Rural,126238.0
2122.0,3,1.0,36,Suburb,275322.0
1603.0,2,3.0,58,Suburb,202930.0
1797.0,3,2.0,21,Downtown,306641.0
1718.0,1,1.0,57,Suburb,178458.0
1969.0,4,1.0,35,Suburb,260696.0
2504.0,2,,4,Suburb,342281.0
1845.0,1,1.0,24,Suburb,192622.0
2122.0,4,1.0,8,Downtown,395925.0
775.0,5,2.0,56,Downtown,183340.0
1776.0,1,2.0,18,Downtown,302638.0
1378.0,3,1.0,13,Rural,150908.0
1191.0,5,3.0,33,Suburb,177125.0
1361.0,4,3.0,25,Downtown,272679.0
1633.0,5,,5,Rural,160151.0
2258.0,3,3.0,48,Suburb,258589.0
1137.0,2,2.0,50,Suburb,158558.0
1815.0,4,1.0,44,Waterfront,366406.0
1558.0,1,1.0,37,Downtown,244469.0
1636.0,2,3.0,24,Downtown,277202.0
2301.0,4,3.0,32,Suburb,292216.0
2069.0,4,,31,Downtown,383340.0
2469.0,1,1.0,9,Suburb,295700.0
1723.0,3,1.0,4,Downtown,323095.0
1452.0,2,1.0,15,Downtown,263617.0
1688.0,3,1.0,27,Downtown,304200.0
1921.0,5,1.0,9,Suburb,276529.0
1888.0,1,2.0,6,Downtown,353329.0
1258.0,5,1.0,51,Downtown,222311.0
1845.0,3,3.0,22,Rural,190148.0
1914.0,4,2.0,35,Suburb,276684.0
3059.0,3,1.0,31,Suburb,403617.0
2738.0,2,2.0,44,Downtown,436338.0
1373.0,4,3.0,44,Suburb,192520.0
1656.0,4,1.0,17,Downtown,330814.0
1068.0,1,,50,Suburb,129815.0
1505.0,4,1.0,22,Downtown,286102.0
1958.0,4,3.0,50,Rural,195437.0
2403.0,2,1.0,24,Waterfront,475445.0
1435.0,5,2.0,6,Downtown,303827.0
1473.0,4,2.0,45,Downtown,269929.0
726.0,2,3.0,1,Downtown,162391.0
1719.0,1,1.0,46,Suburb,203019.0
1269.0,4,3.0,2,Downtown,261793.0
1535.0,2,3.0,12,Rural,168057.0
1362.0,4,2.0,36,Rural,188455.0
1753.0,3,1.0,56,Rural,136803.0
921.0,3,3.0,24,Suburb,147796.0
1066.0,1,1.0,7,Waterfront,211281.0
2865.0,4,2.0,13,Downtown,525110.0
1156.0,1,2.0,53,Suburb,138253.0
1252.0,3,1.0,43,Suburb,174421.0
2718.0,5,2.0,6,Waterfront,618936.0
3253.0,5,1.0,23,Suburb,429990.0
1214.0,5,1.0,15,Rural,156260.0
1616.0,5,1.0,10,Downtown,283307.0
1971.0,3,1.0,50,Waterfront,418246.0
2664.0,2,2.0,37,Suburb,338548.0
1307.0,5,3.0,10,Suburb,226956.0
1677.0,5,1.0,39,Waterfront,352395.0
2189.0,5,1.0,24,Suburb,286579.0
2017.0,4,1.0,3,Suburb,281075.0
1612.0,1,2.0,26,Suburb,202775.0
1733.0,3,1.0,11,Downtown,319566.0
1113.0,3,2.0,14,Suburb,180174.0
1681.0,5,1.0,52,Downtown,279850.0
1667.0,2,1.0,42,Downtown,291650.0
1916.0,2,2.0,8,Rural,191172.0
1522.0,1,2.0,51,Suburb,179224.0
2036.0,5,2.0,34,Suburb,260626.0
2306.0,4,3.0,52,Suburb,313509.0
1878.0,1,2.0,44,Suburb,191514.0
1976.0,3,3.0,20,Suburb,280831.0
1827.0,3,2.0,32,Waterfront,365441.0
1800.0,3,1.0,31,Waterfront,374570.0
1439.0,5,1.0,43,Suburb,199719.0
1958.0,1,1.0,14,Suburb,260933.0
1751.0,2,2.0,19,Suburb,227883.0
2847.0,1,1.0,14,Suburb,339578.0
2587.0,2,3.0,17,Suburb,330002.0
1993.0,5,2.0,9,Suburb,306644.0
1418.0,5,3.0,2,Suburb,235461.0
1244.0,1,3.0,56,Suburb,147071.0
2396.0,4,2.0,4,Suburb,326322.0
1931.0,2,1.0,53,Suburb,209057.0
2040.0,1,3.0,0,Downtown,371419.0
928.0,2,1.0,46,Downtown,128751.0
2264.0,1,1.0,19,Rural,219812.0
2027.0,3,3.0,31,Suburb,274795.0
1245.0,5,2.0,16,Downtown,299019.0
1564.0,3,1.0,29,Suburb,189606.0
1932.0,4,2.0,27,Rural,197227.0
1826.0,3,2.0,31,Downtown,354684.0
1654.0,1,3.0,23,Rural,179323.0
1748.0,1,3.0,32,Waterfront,346342.0
1674.0,2,1.0,49,Suburb,206641.0
1876.0,2,1.0,26,Suburb,236784.0
2536.0,5,2.0,21,Downtown,473880.0
517.0,5,,7,Waterfront,157841.0
1682.0,5,1.0,21,Suburb,238049.0
1888.0,4,1.0,7,Waterfront,394894.0
1948.0,3,1.0,10,Suburb,261786.0
1614.0,4,3.0,57,Downtown,304945.0
922.0,3,1.0,5,Downtown,183694.0
1964.0,4,1.0,28,Suburb,238254.0
2664.0,4,3.0,50,Suburb,364469.0
1033.0,4,1.0,57,Downtown,193345.0
2232.0,4,3.0,8,Rural,225082.0
1636.0,1,1.0,9,Rural,150807.0
1769.0,4,1.0,22,Suburb,219010.0
1274.0,2,1.0,33,Suburb,146245.0
1633.0,4,3.0,57,Downtown,293162.0
2450.0,3,2.0,12,Rural,262328.0
2091.0,5,,9,Suburb,289767.0
2666.0,2,1.0,15,Rural,261557.0
2389.0,5,1.0,52,Suburb,303770.0
2020.0,5,2.0,1,Suburb,297664.0
2672.0,2,1.0,22,Downtown,448558.0
2019.0,3,2.0,7,Downtown,385074.0
2214.0,3,3.0,9,Rural,220037.0
1652.0,4,3.0,55,Suburb,202618.0
1833.0,4,2.0,0,Suburb,243264.0
1451.0,5,1.0,19,Waterfront,332109.0
2295.0,2,1.0,54,Waterfront,422504.0
1211.0,3,3.0,36,Rural,135830.0
2191.0,3,2.0,4,Downtown,394424.0
1705.0,5,2.0,27,Suburb,281380.0
2386.0,2,2.0,58,Rural,192240.0
2175.0,3,1.0,24,Suburb,284507.0
2710.0,1,3.0,31,Downtown,440513.0
2165.0,5,3.0,31,Rural,221684.0
1014.0,2,3.0,39,Suburb,142199.0
1767.0,2,3.0,11,Suburb,206702.0
1214.0,3,1.0,50,Waterfront,252640.0
1541.0,3,1.0,59,Suburb,219847.0
2556.0,5,1.0,8,Suburb,342672.0
2119.0,3,3.0,49,Suburb,280549.0
1451.0,3,2.0,49,Suburb,205838.0
1293.0,1,2.0,44,Downtown,210270.0
1816.0,1,3.0,22,Rural,167661.0
1192.0,2,2.0,28,Rural,85719.0
1464.0,5,3.0,50,Downtown,298152.0
1956.0,5,3.0,9,Suburb,287423.0
2378.0,4,1.0,49,Rural,212599.0
2104.0,4,2.0,55,Downtown,372509.0
654.0,2,3.0,40,Suburb,87767.0
1952.0,1,3.0,20,Suburb,244336.0
1836.0,1,1.0,33,Suburb,230216.0
2007.0,2,1.0,3,Downtown,333129.0
2608.0,2,2.0,55,Suburb,334682.0
768.0,1,3.0,20,Suburb,89240.0
1504.0,2,1.0,3,Suburb,191393.0
2095.0,1,2.0,47,Downtown,369928.0
1009.0,4,1.0,39,Suburb,160415.0
2538.0,5,1.0,37,Suburb,337221.0
1984.0,4,2.0,3,Downtown,365109.0
2223.0,3,2.0,45,Downtown,376534.0
1515.0,3,2.0,38,Downtown,274533.0
2207.0,2,1.0,47,Suburb,268589.0
2334.0,1,3.0,49,Downtown,385423.0
1916.0,3,1.0,12,Waterfront,407814.0
1917.0,3,3.0,12,Suburb,264048.0
1935.0,1,1.0,55,Rural,146536.0
1368.0,3,3.0,31,Waterfront,302331.0
1726.0,2,2.0,26,Downtown,317130.0
1724.0,1,2.0,17,Suburb,199524.0
1992.0,4,1.0,38,Rural,193509.0
2300.0,3,3.0,45,Suburb,287693.0
1271.0,4,1.0,0,Suburb,192158.0
1737.0,4,2.0,33,Suburb,233470.0
2541.0,5,3.0,59,Downtown,480199.0
1428.0,5,3.0,16,Suburb,230583.0
1389.0,4,3.0,16,Waterfront,316747.0
1901.0,5,1.0,52,Waterfront,415410.0
2222.0,3,3.0,3,Downtown,403455.0
1806.0,5,3.0,23,Rural,190459.0
2464.0,4,1.0,27,Suburb,327645.0
2228.0,4,1.0,47,Waterfront,451196.0
2221.0,5,3.0,7,Downtown,447700.0
2077.0,3,1.0,26,Waterfront,418538.0
2964.0,4,2.0,9,Rural,287760.0
1697.0,2,1.0,47,Downtown,269456.0
798.0,5,1.0,37,Downtown,162950.0
2602.0,4,3.0,29,Rural,279479.0
1571.0,4,1.0,23,Downtown,302838.0
1854.0,3,3.0,9,Suburb,286522.0
2455.0,5,3.0,55,Waterfront,562932.0
999.0,1,1.0,38,Suburb,103204.0
1174.0,1,1.0,19,Suburb,148357.0
999.0,3,3.0,24,Suburb,134680.0
1403.0,4,2.0,43,Downtown,251791.0
2020.0,5,1.0,43,Waterfront,424434.0
2062.0,3,3.0,27,Suburb,262794.0
1938.0,4,1.0,18,Downtown,339780.0
1094.0,3,1.0,39,Downtown,194442.0
645.0,5,3.0,39,Waterfront,173419.0
1827.0,4,1.0,35,Downtown,341035.0
1564.0,3,2.0,4,Rural,152804.0
2030.0,5,3.0,28,Rural,259916.0
2151.0,1,2.0,36,Rural,191017.0
1869.0,5,2.0,57,Waterfront,406671.0
2180.0,1,2.0,31,Rural,182476.0
1915.0,2,1.0,20,Waterfront,415596.0
2065.0,5,2.0,33,Downtown,403708.0
1448.0,4,3.0,10,Rural,169243.0
