study_hours_per_day,attendance_pct,sleep_hours,prior_exam_score,final_score,passed
1.8,100.0,5.6,66.3,72.5,1
3.4,77.4,5.1,40.1,61.2,1
1.6,58.4,4.0,37.3,42.0,0
4.7,100.0,6.7,68.8,78.1,1
4.1,88.2,3.6,56.1,56.1,1
5.0,79.2,4.8,51.3,70.6,1
5.0,75.5,5.8,64.1,73.3,1
5.2,93.0,5.4,74.2,84.4,1
3.3,73.5,7.0,43.2,52.7,1
8.2,93.8,6.9,58.3,96.2,1
4.5,86.5,7.7,87.6,94.8,1
0.3,82.9,7.5,48.9,54.1,1
2.0,81.7,8.0,78.0,68.1,1
0.5,77.9,6.5,57.7,55.5,1
4.0,92.5,6.9,73.2,90.2,1
3.8,69.6,7.2,81.5,65.1,1
3.1,60.5,6.7,76.1,64.3,1
8.0,87.4,6.0,78.6,88.1,1
5.1,87.6,6.1,47.7,69.8,1
5.5,85.8,5.4,81.7,81.2,1
2.1,84.9,7.0,52.2,70.4,1
2.0,76.2,6.4,68.9,72.7,1
4.1,89.4,5.6,68.9,76.8,1
4.3,79.5,5.6,72.3,70.3,1
0.3,74.2,4.9,70.1,67.0,1
3.6,76.3,7.8,52.3,64.2,1
4.0,100.0,6.6,44.8,69.6,1
3.6,59.2,5.4,78.1,52.6,1
2.4,86.0,7.6,67.8,76.7,1
2.9,59.9,5.8,82.2,68.2,1
3.6,78.7,4.7,64.3,80.5,1
4.2,74.8,7.8,43.9,58.1,1
5.2,55.0,5.8,79.5,78.4,1
6.2,84.7,6.0,59.4,79.7,1
3.4,75.4,6.6,70.1,72.9,1
3.1,54.8,8.0,55.3,48.1,0
4.9,90.1,6.5,89.7,93.0,1
5.2,97.2,4.9,51.9,81.1,1
3.1,97.9,7.2,59.9,73.0,1
5.6,84.3,5.9,66.6,82.3,1
6.0,80.6,9.0,48.6,74.2,1
6.6,95.9,6.5,70.0,85.0,1
7.6,100.0,3.6,89.2,91.6,1
2.3,93.6,7.0,57.6,56.0,1
4.0,68.7,9.0,70.9,77.4,1
4.0,82.4,8.5,23.8,71.7,1
3.8,85.3,8.9,64.4,71.0,1
2.7,58.3,5.2,60.3,56.7,1
1.0,85.6,7.7,52.7,57.4,1
4.2,100.0,5.6,81.2,83.2,1
2.5,87.7,6.8,60.1,62.5,1
4.2,97.7,4.8,62.3,69.3,1
2.4,82.2,5.7,59.3,68.5,1
1.8,79.1,5.6,36.2,52.4,1
4.5,84.6,7.7,48.0,84.0,1
4.3,70.2,7.5,79.4,74.1,1
5.2,68.4,6.9,33.4,58.7,1
8.4,95.2,4.7,53.5,96.3,1
4.6,96.5,6.1,59.0,80.6,1
5.0,68.1,5.5,91.2,80.2,1
1.8,91.6,7.6,76.5,77.5,1
1.4,79.0,8.0,56.6,55.9,1
7.2,84.1,7.9,84.6,91.7,1
2.2,85.5,5.5,53.9,59.7,1
1.9,91.9,3.0,80.1,57.0,1
3.9,81.0,4.2,44.6,60.7,1
3.8,96.9,8.3,81.1,90.8,1
2.2,83.7,6.0,58.9,63.6,1
3.4,87.5,5.5,49.6,57.5,1
6.5,70.0,8.6,61.7,70.7,1
2.4,100.0,8.1,69.2,84.5,1
1.2,85.6,6.5,57.6,58.7,1
5.9,88.6,6.1,73.3,79.3,1
5.0,60.7,6.3,56.3,64.1,1
2.8,70.1,6.8,74.3,56.0,1
0.8,94.9,8.6,71.6,76.0,1
2.5,83.4,7.0,64.1,64.0,1
3.9,57.0,7.4,58.4,70.3,1
6.3,92.5,8.0,67.3,88.1,1
1.9,73.5,5.0,73.3,68.2,1
3.8,96.9,7.5,95.9,86.8,1
5.4,78.9,6.1,79.1,84.2,1
0.0,82.5,3.2,79.6,57.9,1
6.1,94.1,3.7,100.0,92.8,1
1.6,69.2,5.2,72.7,59.1,1
4.7,68.1,7.2,72.3,70.9,1
4.5,77.6,6.6,75.6,86.4,1
6.2,89.9,6.7,49.9,74.5,1
5.1,64.0,9.0,58.3,72.0,1
0.0,60.0,4.9,57.4,42.7,0
2.4,89.9,6.5,74.7,72.5,1
4.3,72.8,6.9,62.4,66.8,1
3.6,75.3,5.5,67.1,68.5,1
5.0,57.7,6.5,81.3,70.1,1
5.6,71.9,4.4,77.9,65.2,1
5.2,79.9,8.3,62.6,78.1,1
3.6,91.2,5.6,55.0,62.5,1
0.3,70.7,9.1,82.0,49.9,0
3.1,99.9,6.5,76.6,77.6,1
4.8,71.8,7.8,40.9,70.3,1
1.8,71.8,6.4,60.3,60.7,1
5.3,98.4,6.5,67.5,86.5,1
5.8,82.5,5.7,76.7,69.5,1
4.3,73.4,6.7,78.7,65.0,1
0.0,78.1,6.9,69.3,66.9,1
1.4,96.2,5.5,73.8,60.1,1
7.8,97.6,6.3,66.0,96.5,1
2.9,70.2,5.7,54.9,54.9,1
0.0,79.5,9.5,61.1,57.9,1
6.5,81.1,6.4,65.3,77.7,1
4.0,68.2,8.5,64.5,73.0,1
6.2,79.3,6.2,36.7,73.2,1
4.6,80.1,6.8,59.0,69.5,1
4.9,93.7,4.8,65.8,70.8,1
4.7,94.5,5.9,60.8,78.6,1
5.4,76.0,6.8,61.3,67.5,1
8.6,77.4,8.6,72.3,96.5,1
5.9,88.0,6.8,48.8,93.9,1
0.8,73.0,8.3,40.6,59.8,1
4.9,87.1,7.3,59.8,81.3,1
6.3,78.9,8.6,76.5,85.5,1
6.4,68.4,6.4,90.3,71.4,1
3.1,68.5,9.6,76.7,62.9,1
6.3,97.4,5.9,43.0,87.9,1
5.9,78.1,5.5,61.5,70.8,1
9.1,99.7,4.9,68.8,93.7,1
2.5,73.8,9.5,67.7,66.6,1
3.0,83.5,7.6,73.1,65.0,1
3.4,100.0,6.1,51.2,63.8,1
3.0,67.3,8.1,66.0,64.6,1
2.2,57.2,7.4,71.3,52.9,1
0.0,95.4,9.1,77.4,61.9,1
3.1,70.1,4.5,52.9,52.9,1
4.7,79.8,6.2,59.8,75.1,1
3.0,73.0,5.9,24.4,51.8,1
7.9,83.2,3.9,55.7,80.9,1
4.0,68.6,7.9,57.1,70.6,1
6.6,77.8,6.1,49.7,75.7,1
4.5,85.4,7.5,67.5,75.3,1
5.7,67.9,9.6,64.2,80.7,1
4.6,71.6,6.0,31.1,65.1,1
6.7,75.8,6.0,68.2,79.9,1
4.1,62.9,6.7,51.1,62.5,1
5.0,74.9,7.8,72.3,72.2,1
4.7,81.4,5.8,45.8,63.3,1
3.4,75.2,5.7,65.5,70.2,1
4.8,76.7,7.9,60.8,76.7,1
8.5,79.8,7.0,69.5,94.1,1
3.5,72.1,3.8,66.9,63.9,1
4.8,88.3,4.9,61.2,74.2,1
6.5,97.2,8.5,42.0,88.7,1
6.3,74.4,7.0,42.8,79.3,1
4.0,85.8,5.5,56.2,74.7,1
0.0,77.1,6.3,64.9,52.0,1
5.0,84.4,6.5,55.9,82.7,1
0.0,98.8,7.5,74.4,65.7,1
6.9,86.1,4.7,60.8,85.4,1
4.3,58.7,5.4,50.5,61.2,1
6.0,85.4,6.9,60.8,82.1,1
2.2,94.8,6.4,68.4,64.6,1
0.9,77.3,7.2,69.9,63.4,1
4.5,91.9,4.9,93.2,98.9,1
3.9,71.7,7.0,55.0,63.6,1
3.0,62.2,7.9,63.9,62.7,1
4.2,81.7,7.1,71.4,72.0,1
9.5,58.9,6.7,64.6,83.9,1
5.7,77.1,6.4,57.5,84.0,1
6.1,95.4,5.4,41.8,73.5,1
5.7,57.1,6.4,57.3,65.0,1
7.0,64.6,8.1,48.9,66.8,1
3.6,67.6,6.3,39.1,53.6,1
0.0,79.2,5.3,53.1,38.8,0
3.6,75.6,5.9,49.3,66.6,1
5.6,96.8,6.8,73.8,100.0,1
2.1,91.5,6.0,74.0,66.0,1
3.6,85.9,7.1,51.4,59.0,1
2.6,81.7,7.2,61.1,71.0,1
7.0,84.7,7.7,37.1,75.5,1
5.5,69.7,8.4,57.6,82.2,1
5.3,90.3,7.8,71.0,81.6,1
5.2,66.7,5.3,77.4,68.8,1
3.9,90.0,5.3,54.3,68.5,1
4.4,94.2,6.4,80.8,85.8,1
1.6,82.5,5.9,42.3,53.8,1
0.0,77.9,5.0,46.3,43.4,0
4.3,84.8,5.9,75.6,74.3,1
4.6,45.7,5.9,90.1,59.2,1
6.4,83.6,5.6,72.4,85.1,1
7.1,78.6,6.1,64.4,72.0,1
7.1,79.4,8.0,32.1,75.2,1
2.0,88.5,6.8,34.7,62.7,1
3.3,79.1,9.7,66.9,74.7,1
5.0,66.3,6.7,59.6,72.6,1
9.1,78.3,6.1,48.4,86.4,1
7.0,80.8,6.5,66.0,90.8,1
6.2,81.4,6.8,66.7,87.2,1
3.2,81.9,7.1,79.2,75.3,1
2.2,92.5,9.2,67.0,77.9,1
5.6,67.0,5.4,83.4,80.3,1
1.8,82.1,7.6,65.1,61.4,1
3.5,95.5,6.8,63.3,66.1,1
3.8,59.2,4.5,81.0,66.0,1
7.2,82.2,7.5,50.3,86.0,1
3.3,73.0,8.1,100.0,83.1,1
0.0,75.6,5.4,70.6,46.6,0
5.0,69.1,6.5,70.7,67.2,1
2.6,78.0,4.3,72.9,65.6,1
4.1,100.0,4.9,93.2,82.3,1
3.8,64.8,7.9,76.9,58.5,1
3.5,66.0,5.9,40.9,58.9,1
5.6,64.4,5.1,86.1,64.0,1
0.9,100.0,6.8,59.9,58.4,1
3.0,74.5,5.8,66.6,72.0,1
5.4,79.7,5.9,45.8,81.7,1
2.8,75.2,7.5,72.9,60.1,1
0.8,68.7,5.0,55.2,46.6,0
5.3,77.2,5.3,66.5,74.3,1
6.2,100.0,6.7,60.7,97.2,1
3.9,96.7,7.8,93.9,82.4,1
0.1,69.8,8.1,94.7,57.7,1
5.4,87.8,5.6,65.7,87.6,1
0.7,70.0,7.7,66.0,53.2,1
4.6,58.7,5.5,59.4,67.3,1
2.2,92.2,8.9,81.6,66.5,1
1.7,93.9,5.0,60.1,61.5,1
3.1,92.6,8.2,58.7,62.5,1
3.6,74.4,5.6,79.7,63.3,1
2.7,78.0,9.1,56.9,71.6,1
5.2,89.0,7.3,64.4,79.6,1
3.1,84.7,5.2,41.3,58.9,1
6.0,75.3,5.8,75.6,74.5,1
4.6,60.6,7.5,94.1,73.8,1
2.6,81.4,7.9,75.8,72.0,1
2.3,92.9,6.4,86.9,79.3,1
0.7,65.6,6.6,52.3,33.1,0
4.6,87.7,7.5,68.5,73.3,1
3.3,84.0,6.7,50.9,66.9,1
0.0,89.0,4.8,61.6,53.2,1
2.9,90.5,5.4,76.6,73.7,1
2.2,71.7,6.8,66.5,62.8,1
7.2,60.6,8.1,43.8,72.5,1
0.6,73.6,8.6,45.3,49.3,0
1.1,90.7,7.5,44.3,57.3,1
6.2,73.5,6.9,72.4,87.1,1
6.7,71.7,7.5,96.0,84.1,1
2.5,58.1,5.6,85.4,60.3,1
2.7,100.0,6.3,36.6,66.2,1
5.2,89.9,5.4,86.3,92.5,1
0.0,89.2,4.9,79.0,56.5,1
0.3,91.6,6.9,41.8,59.8,1
3.4,86.9,6.7,60.5,77.5,1
7.1,77.1,7.4,81.4,87.9,1
3.1,78.0,7.2,73.3,68.3,1
4.2,74.9,6.8,45.4,63.4,1
6.3,100.0,7.2,74.2,89.2,1
8.2,86.7,6.4,32.9,87.9,1
2.8,74.4,7.0,61.7,65.4,1
4.0,85.6,5.6,82.1,76.9,1
7.6,67.9,7.0,65.3,75.9,1
1.0,98.1,7.4,57.5,58.0,1
6.1,72.1,5.6,78.3,91.5,1
2.0,86.0,6.6,79.6,67.0,1
4.2,92.8,5.7,84.7,75.2,1
3.5,84.6,5.8,78.1,81.2,1
2.1,81.1,5.0,81.2,66.7,1
2.0,80.1,8.1,76.0,71.3,1
4.6,79.3,7.9,69.0,75.1,1
6.0,73.1,7.2,66.3,76.2,1
3.7,74.6,9.1,61.4,69.8,1
4.1,97.8,6.3,46.8,64.4,1
5.1,78.7,10.0,50.7,76.3,1
2.1,70.6,6.2,60.8,59.6,1
5.5,73.8,6.8,68.6,87.4,1
5.6,93.2,6.0,86.6,87.4,1
9.2,88.1,7.0,64.4,82.1,1
3.2,86.7,7.6,80.1,74.8,1
3.1,76.9,6.4,81.2,86.1,1
5.5,86.9,8.8,61.5,87.5,1
5.6,72.3,6.8,73.9,72.8,1
2.9,76.9,6.9,61.3,68.4,1
3.2,91.6,5.3,84.8,70.2,1
5.1,90.5,7.0,74.5,74.1,1
2.3,68.2,6.3,47.1,52.9,1
3.2,69.7,5.7,67.4,63.7,1
4.2,81.3,5.5,89.7,65.4,1
6.0,100.0,10.0,62.3,83.8,1
2.8,57.0,6.2,71.7,58.9,1
0.3,83.3,4.6,73.2,53.2,1
0.2,63.5,5.6,49.5,46.0,0
1.5,72.4,6.4,72.7,52.1,1
1.4,75.6,7.2,44.1,58.4,1
3.7,75.0,7.2,55.6,59.4,1
1.6,73.6,7.4,81.1,73.8,1
2.6,80.1,5.7,70.4,54.7,1
2.5,73.6,6.9,60.4,55.0,1
3.1,62.5,5.4,71.7,63.4,1
6.6,89.4,5.7,64.1,93.7,1
5.3,89.0,5.3,65.2,79.7,1
4.0,90.1,5.0,74.9,78.0,1
3.1,61.5,7.9,54.1,59.9,1
3.1,83.6,7.4,65.6,63.8,1
4.7,88.1,7.8,60.3,74.2,1
5.2,67.6,6.6,41.2,58.2,1
2.2,80.1,7.5,51.2,53.6,1
4.1,78.6,4.2,88.5,75.5,1
0.0,100.0,7.6,70.8,57.4,1
4.4,100.0,6.7,45.1,76.9,1
5.5,60.0,7.3,41.9,57.8,1
3.4,100.0,7.0,63.3,77.5,1
7.6,69.0,5.2,88.4,83.2,1
2.2,91.8,4.6,62.2,72.3,1
4.4,91.6,5.6,84.6,82.2,1
3.9,68.1,7.2,70.3,76.2,1
3.8,85.9,7.4,72.1,70.6,1
3.8,78.7,4.7,45.0,62.0,1
4.2,86.7,5.2,79.1,69.7,1
5.7,82.8,5.6,60.0,73.7,1
6.8,94.4,6.0,77.9,88.4,1
4.0,80.9,4.7,52.8,61.0,1
5.6,78.0,4.7,67.7,67.5,1
2.6,93.2,5.4,70.3,60.7,1
5.5,87.0,6.6,62.7,65.2,1
2.5,88.8,5.0,71.1,60.3,1
6.2,72.0,6.3,61.0,79.7,1
8.4,67.5,7.9,55.3,75.0,1
3.8,73.2,4.8,89.1,62.7,1
0.0,72.6,6.2,80.7,65.7,1
2.9,89.4,7.8,53.6,64.8,1
6.5,91.7,6.0,73.5,88.5,1
5.1,78.1,5.8,53.9,74.7,1
4.5,97.2,8.0,47.2,80.7,1
6.0,96.4,6.1,80.5,79.2,1
5.0,82.9,7.9,39.4,70.3,1
6.4,70.1,7.1,78.9,72.2,1
5.8,98.9,6.1,61.2,98.2,1
7.0,79.3,7.1,61.8,73.9,1
4.7,81.5,6.9,71.1,70.2,1
5.8,75.9,7.8,73.7,74.9,1
3.4,69.3,5.8,52.6,51.3,1
2.8,62.4,6.6,75.8,70.5,1
7.4,87.6,6.4,66.7,100.0,1
4.4,70.6,7.4,46.2,63.1,1
5.6,100.0,5.2,62.5,74.0,1
4.2,67.0,7.8,85.7,61.0,1
2.8,64.9,7.1,90.1,66.3,1
4.0,86.1,4.8,75.8,71.3,1
6.9,98.4,8.1,47.1,83.3,1
5.1,80.8,9.4,72.4,83.3,1
0.6,86.9,7.8,77.8,66.3,1
3.6,57.9,8.4,75.9,68.7,1
